1 Ἡ μὲν ἡμέρα παρήρχετο, καὶ πάντα	1 Hē mèn hēméra parěrcheto, caè pánta			1 The day passed away, and all
	Ἡ	Hē	ὁ	the
	μὲν	mèn	μέν	
	ἡμέρα	hēméra	ἡμέρα	day
	παρήρχετο	parěrcheto	παρέρχομαι	passed away
	καὶ	caè	καί	and
	πάντα	pánta	πᾶς	all
2 Ὁ μελανώδης ἀὴρ τἀπὶ γῆς ζῶντα	2 Ho melanǒdēs aḕr ta'pì gês zônta			2 The dark air the living on the earth
	Ὁ	Ho	ὁ	the
	μελανώδης	melanǒdēs	μελανώδης	dark
	ἀὴρ	aḕr	ἀήρ	air
	τἀπὶ	ta'pì	τὰ ἐπί	the upon
	γῆς	gês	γῆ	earth
	ζῶντα	zônta	ζάω	living
3 Τῶν πόνων ἀπήλαυνεν· ἐγὼ δὲ μόνος	3 Tôn pónōn apělaunen; egṑ dè mónos			3 Drove away of the labors; but I alone
	Τῶν	Tôn	ὁ	of the
	πόνων	pónōn	πόνος	labors
	ἀπήλαυνεν	apělaunen	ἀπαιτέω	drove away
	ἐγὼ	egṑ	ἐγώ	I
	δὲ	dè	δέ	but
	μόνος	mónos	μόνος	alone
4 Ἡτοιμαζόμην ὑποστῆναι τὸ βάρος	4 Hētoemazómēn hypostênae tò báros			4 I was preparing to bear the burden
	Ἡτοιμαζόμην	Hētoemazómēn	ἑτοιμάζω	I was preparing
	ὑποστῆναι	hypostênae	ὑποστέλλω	to bear
	τὸ	tò	ὁ	the
	βάρος	báros	βάρος	burden
5 Τῆς τε πορείας καὶ τοῦ ψυχικοῦ πάθους,	5 Tês te poreías caè tû psychicû páthūs,			5 Of the journey and the psychological passion,
	Τῆς	Tês	ὁ	of the
	τε	te	τε	
	πορείας	poreías	πορεία	journey
	καὶ	caè	καί	and
	τοῦ	tû	ὁ	of the
	ψυχικοῦ	psychicû	ψυχικός	psychological
	πάθους	páthūs	πάθος	passion
6 Ὅ νῦν ἡ πιστὴ μνήμη μου περιγράψει.	6 Hó nŷn hē pistḕ mněmē mū perigrápsei.			6 Who now, my faithful memory will describe.
	Ὅ	Hó	ὅς	who
	νῦν	nŷn	νῦν	now
	ἡ	hē	ὁ	the
	πιστὴ	pistḕ	πιστός	faithful
	μνήμη	mněmē	μνήμη	memory
	μου	mū	ἐγώ	of mine
	περιγράψει	perigrápsei	περιγράφω	will describe
7 Ὦ Μοῦσαι, πνεῦμα θεῖον, νῦν βοηθεῖτε·	7 Ô Mûsae, pnéùma théìon, nŷn boēthéìte;			7 O Muses, divine spirit, now help;
	Ὦ	Ô	ὦ	O
	Μοῦσαι	Mûsae	Μοῦσα	Muses
	πνεῦμα	pnéùma	πνεῦμα	spirit
	θεῖον	théìon	θεῖος	divine
	νῦν	nŷn	νῦν	now
	βοηθεῖτε	boēthéìte	βοηθέω	help
8 Ὦ μνήμη τ', ἐν ᾗ γέγραπται πάνθ' ὅσ' εἶδον,	8 Ô mněmē t', en hệ gégraptae pánth' hós' éìdon,			8 O memory, in which all that I saw is written,
	Ὦ	Ô	ὦ	O
	μνήμη	mněmē	μνήμη	memory
	τ'	t'	τε	
	ἐν	en	ἐν	in
	ᾗ	hệ	ὅς	which
	γέγραπται	gégraptae	γράφω	is written
	πάνθ'	pánth'	πᾶς	all
	ὅσ'	hós'	ὅς	that
	εἶδον	éìdon	ὁράω	I saw
9 Νῦν ἡ σὴ φανήσεται σεμνηγορία.	9 Nŷn hē sḕ phaněsetae semnēgoría.			9 Now your solemn oratory will appear.
	Νῦν	Nŷn	νῦν	now
	ἡ	hē	ὁ	the
	σὴ	sḕ	σός	your
	φανήσεται	phaněsetae	φαίνομαι	will appear
	σεμνηγορία	semnēgoría	σεμνογορία	solemn oratory
10 “Ὁδηγέ μου ποιητά,” λέγειν ἠρξάμην,	10 “Hodēgé mū poeētá,” légein ērxámēn,			10 "Guide my poet," I began to say,
	Ὁδηγέ	Hodēgé	ὁδηγός	guide
	μου	mū	ἐγώ	my
	ποιητά	poeētá	ποιητής	poet
	λέγειν	légein	λέγω	to say
	ἠρξάμην	ērxámēn	ἄρχω	I began
11 “Ἴδε μου τὴν ἀξίαν εἴποτ' ἀντέχει,	11 “Íde mū tḕn axían eípot' antéchei,			11 "Look at my worthy tell at once,
	Ἴδε	Íde	ἰδού	look at
	μου	mū	ἐγώ	my
	τὴν	tḕn	ὁ	the
	ἀξίαν	axían	ἄξιος	worthy
	εἴποτ'	eípot'	εἰπώτι	at once
	ἀντέχει	antéchei	ἀντέχω	tell
12 „ Πρὶν εἰς τὴν δεινὴν προχωρήσω πορείαν.	12 „ Prìn eis tḕn deinḕn prochōrěsō poreían.			12 Before I advance into the terrible journey.
	Πρὶν	Prìn	πρίν	before
	εἰς	eis	εἰς	into
	τὴν	tḕn	ὁ	the
	δεινὴν	deinḕn	δεινός	terrible
	προχωρήσω	prochōrěsō	προχωρέω	I advance
	πορείαν	poreían	πορεία	journey
13 „ Σὺ λέγεις ἐλθεῖν τὸν τοῦ Σιλβίου πάππον,	13 „ Sỳ légeis elthéìn tòn tû Silbíū páppon,			13 You say to come the grandfather of Silvius,
	Σὺ	Sỳ	σύ	You
	λέγεις	légeis	λέγω	say
	ἐλθεῖν	elthéìn	ἔρχομαι	to come
	τὸν	tòn	ὁ	the
	τοῦ	tû	ὁ	
	Σιλβίου	Silbíū	Σίλβιος	Silvius'
	πάππον	páppon	πάππος	grandfather
14 „ Ἔτ' ὄντα θνητόν, εἰς τὴν τῶν ἀθανάτων	14 „ Ét' ónta thnētón, eis tḕn tôn athanátōn			14 Still being mortal, into the land of the immortals,
	Ἔτ'	Ét'	ἔτι	still
	ὄντα	ónta	εἰμί	being
	θνητόν	thnētón	θνητός	mortal
	εἰς	eis	εἰς	into
	τὴν	tḕn	ὁ	the
	τῶν	tôn	ὁ	
	ἀθανάτων	athanátōn	ἀθάνατος	immortals'
15 „ Χώραν ἔχοντα ζῶντος ἀνδρὸς αἰσθήσεις.	15 „ Chǒran échonta zôntos andròs aesthěseis.			15 Having the perceptions of a living man.
	Χώραν	Chǒran	χώρα	land
	ἔχοντα	échonta	ἔχω	having
	ζῶντος	zôntos	ζάω	living
	ἀνδρὸς	andròs	ἀνήρ	man
	αἰσθήσεις	aesthěseis	αἴσθησις	perceptions
16 „ Ἀλλ' εἴπερ ὁ κακίας ἐχθρὸς ἁπάσης	16 „ All' eíper ho cacías echthròs hapásēs			16 But if indeed the enemy of all evil
	Ἀλλ'	All'	ἀλλά	But
	εἴπερ	eíper	εἴπερ	if indeed
	ὁ	ho	ὁ	the
	κακίας	cacías	κακία	of evil
	ἐχθρὸς	echthròs	ἐχθρός	enemy
	ἁπάσης	hapásēs	ἅπας	of all
17 „ Εὔνους ἦν αὐτῷ, φρονῶν καλὰ μεγάλα	17 „ Eúnūs ên autộ, phronôn calà megála			17 was to him goodwill, thinking noble and great,
	Εὔνους	Eúnūs	Εὔνους	goodwill
	ἦν	ên	εἰμί	was
	αὐτῷ	autộ	αὐτός	to him
	φρονῶν	phronôn	φρονέω	thinking
	καλὰ	calà	καλός	noble
	μεγάλα	megála	μέγας	great
18 „ Ἐκβησόμεν' ἐξ αὐτοῦ, ποίου καὶ ποῖα,	18 „ Ecbēsómen' ex autû, poéū caè póèa,			18 departing from him, what kind and what kind
	Ἐκβησόμεν'	Ecbēsómen'	ἐκβαίνω	departing
	ἐξ	ex	ἐκ	from
	αὐτοῦ	autû	αὐτός	him
	ποίου	poéū	ποῖος	what kind
	καὶ	caè	καί	and
	ποῖα	póèa	ποῖος	what kind
19 „ Οὐ δοκεῖ τοῦτ' ἀπρεπὲς ἀνδρὶ φρονίμῳ.	19 „ Ū docéì tût' aprepès andrì phronímọ̄.			19 It does not seem unbecoming to a wise man this,
	Οὐ	Ū	οὐ	not
	δοκεῖ	docéì	δοκέω	it seems
	τοῦτ'	tût'	οὗτος	this
	ἀπρεπὲς	aprepès	ἀπρεπής	unbecoming
	ἀνδρὶ	andrì	ἀνήρ	to a man
	φρονίμῳ	phronímọ̄	φρόνιμος	wise
20 „ Αὐτὸς γὰρ Ῥώμης τῆς σεμνῆς καὶ τοῦ Κράτους	20 „ Autòs gàr Rhǒmēs tês semnês caè tû Crátūs			20 For he himself father of revered Rome and Power
	Αὐτὸς	Autòs	αὐτός	he himself
	γὰρ	gàr	γάρ	for
	Ῥώμης	Rhǒmēs	Ῥώμη	Rome
	τῆς	tês	ὁ	of the
	σεμνῆς	semnês	σεμνός	revered
	καὶ	caè	καί	and
	τοῦ	tû	ὁ	of the
	Κράτους	Crátūs	Κράτος	Power
21 „ ᾙρέθη πατὴρ ἐν Οὐρανῶν αἰθέρι·	21 „ Hẹ̄réthē patḕr en Ūranôn aethéri;			21 was chosen in heavens' sky.
	ᾙρέθη	Hẹ̄réthē	αἱρέω	was chosen
	πατὴρ	patḕr	πατήρ	father
	ἐν	en	ἐν	in
	Οὐρανῶν	Ūranôn	Οὐρανός	heavens'
	αἰθέρι	aethéri	αἰθήρ	sky
22 „ Ῥώμη δὲ καὶ τὸ Κράτος, ἵν' ὀρθῶς εἴπω,	22 „ Rhǒmē dè caè tò Crátos, hín' orthôs eípō,			22 Rome and Power, so that I may say rightly,
	Ῥώμη	Rhǒmē	Ῥώμη	Rome
	δὲ	dè	δέ	
	καὶ	caè	καί	and
	τὸ	tò	ὁ	the
	Κράτος	Crátos	Κράτος	Power
	ἵν'	hín'	ἵνα	so that
	ὀρθῶς	orthôs	ὀρθῶς	rightly
	εἴπω	eípō	λέγω	I may say
23 „ Προωρίσθησαν ὡς ἱερός τις τόπος,	23 „ Proōrísthēsan hōs hierós tis tópos,			23 were ordained as a certain sacred place,
	Προωρίσθησαν	Proōrísthēsan	προορίζω	were ordained
	ὡς	hōs	ὡς	as
	ἱερός	hierós	ἱερός	sacred
	τις	tis	τις	a certain
	τόπος	tópos	τόπος	place
24 „ Ενθ' ὁ τοῦ Πέτρου διάδοχος ἐδρεύει.	24 „ Enth' ho tû Pétrū diádochos edreúei.			24 where the successor of Peter resides.
	Ενθ'	Enth'	ἐνθάδε	where
	ὁ	ho	ὁ	the
	τοῦ	tû	ὁ	
	Πέτρου	Pétrū	Πέτρος	Peter's
	διάδοχος	diádochos	διάδοχος	successor
	ἐδρεύει	edreúei	διατρίβω	resides
25 „ Ἐκ τῆς πορείας, ἣν ἐξύμνησας, ταύτης	25 „ Ec tês poreías, hḕn exýmnēsas, taútēs			25 From the journey, which you praised, this
	Ἐκ	Ec	ἐκ	From
	τῆς	tês	ὁ	of the
	πορείας	poreías	πορεία	journey
	ἣν	hḕn	ὅς	which
	ἐξύμνησας	exýmnēsas	ὑμνέω	you praised
	ταύτης	taútēs	οὗτος	this
26 „ Προκατέμαθεν ὅσ' ὑπῆρξεν αἰτία	26 „ Procatémathen hós' hypêrxen aetía			26 was displayed, whatever was the cause
	Προκατέμαθεν	Procatémathen	προκατατίθημι	was displayed
	ὅσ'	hós'	ὅστις	whatever
	ὑπῆρξεν	hypêrxen	ὑπάρχω	existed
	αἰτία	aetía	αἰτία	cause
27 „ Τῆς νίκης αὑτοῦ καὶ τῆς Παπικῆς χλαίνης.	27 „ Tês nícēs hautû caè tês Papicês chlaénēs.			27 of his own victory and the Papal pallium.
	Τῆς	Tês	ὁ	of the
	νίκης	nícēs	νίκη	victory
	αὑτοῦ	hautû	αὐτός	his own
	καὶ	caè	καί	and
	τῆς	tês	ὁ	the
	Παπικῆς	Papicês	Παπικός	Papal's
	χλαίνης	chlaénēs	χλαίνη	pallium
28 „ Ἦλθεν εἶτ' ἐκεῖ τῆς Ἐκλογῆς τὸ σκεῦος,	28 „ Êlthen éìt' ecéì tês Eclogês tò scéùos,			28 He came then from the election, the vessel,
	Ἦλθεν	Êlthen	ἔρχομαι	He came
	εἶτ'	éìt'	εἶτα	then
	ἐκεῖ	ecéì	ἐκεῖ	there
	τῆς	tês	ὁ	from the
	Ἐκλογῆς	Eclogês	Ἐκλογή	election
	τὸ	tò	ὁ	the
	σκεῦος	scéùos	σκεῦος	vessel
29 „ Ὅπως ἐνδυναμώσῃ τὴν πίστιν κείνην,	29 „ Hópōs endynamǒsẹ̄ tḕn pístin ceínēn,			29 so that he may strengthen that faith,
	Ὅπως	Hópōs	ὅπως	so that
	ἐνδυναμώσῃ	endynamǒsẹ̄	ἐνδυναμόω	may strengthen
	τὴν	tḕn	ὁ	the
	πίστιν	pístin	πίστις	faith
	κείνην	ceínēn	κεῖνος	that one
30 „ Ἥτις ἔστ' ἀρχὴ τῆς σωτηρίου τρίβου.	30 „ Hětis ést' archḕ tês sōtēríū tríbū.			30 which is the beginning of the path to salvation.
	Ἥτις	Hětis	ὅστις	which
	ἔστ'	ést'	εἰμί	is
	ἀρχὴ	archḕ	ἀρχή	beginning
	τῆς	tês	ὁ	of the
	σωτηρίου	sōtēríū	σωτήριος	salvation
	τρίβου	tríbū	τρίβος	path
31 „ Ἀλλ' ἐγὼ πῶς ὑπάγω; τίς τ' ἐπιτρέπει;	31 „ All' egṑ pôs hypágō? tís t' epitrépei?			31 But how do I go? Who allows?
	Ἀλλ'	All'	ἀλλά	But
	ἐγὼ	egṑ	ἐγώ	I
	πῶς	pôs	πῶς	how
	ὑπάγω	hypágō	ὑπάγω	I go
	τίς	tís	τίς	who
	τ'	t'	τε	and
	ἐπιτρέπει	epitrépei	ἐπιτρέπω	allows
32 „ Οὔκ εἰμι γὰρ Αἰνείας, οὐδέ γε Παῦλος·	32 „ Ǔc eimi gàr Aeneías, ūdé ge Páùlos;			32 For I am neither Aeneas nor Paul;
	Οὔκ	Ǔc	οὐκ	not
	εἰμι	eimi	εἰμί	I am
	γὰρ	gàr	γάρ	indeed
	Αἰνείας	Aeneías	Αἰνείας	Aeneas
	οὐδέ	ūdé	οὐδέ	neither
	γε	ge	γε	nor
	Παῦλος	Páùlos	Παῦλος	Paul
33 „ Οὔτ' ἄλλος ἔμ' ἄξιον, οὔτ' ἐγὼ κρίνω.	33 „ Ǔt' állos ém' áxion, ǔt' egṑ crínō.			33 Neither another deems me worthy, nor do I judge.
	Οὔτ'	Ǔt'	οὔτε	neither
	ἄλλος	állos	ἄλλος	another
	ἔμ'	ém'	ἐγώ	me
	ἄξιον	áxion	ἄξιος	worthy
	οὔτ'	ǔt'	οὔτε	neither
	ἐγὼ	egṑ	ἐγώ	I
	κρίνω	crínō	κρίνω	nor do I judge
34 „ Ἐὰν οὖν ἐλθεῖν ἐγὼ συγκατανεύσω,	34 „ Eàn ûn elthéìn egṑ syncataneúsō,			34 If, therefore, I nod in agreement to come,
	Ἐὰν	Eàn	ἐάν	If
	οὖν	ûn	οὖν	therefore
	ἐλθεῖν	elthéìn	ἔρχομαι	to come
	ἐγὼ	egṑ	ἐγώ	I
	συγκατανεύσω	syncataneúsō	συγκατανεύω	nod in agreement
35 „ Φοβοῦμαι μήπως μωρὸν ἔργον τολμήσω.	35 „ Phobûmae měpōs mōròn érgon tolměsō.			35 I fear lest I dare a foolish deed.
	Φοβοῦμαι	Phobûmae	φοβέω	I fear
	μήπως	měpōs	μήπως	lest
	μωρὸν	mōròn	μωρός	foolish
	ἔργον	érgon	ἔργον	deed
	τολμήσω	tolměsō	τολμάω	I dare
36 „ Σοφὸς εἶ καὶ διορᾷς, εἰ καλῶς λέγω.”	36 „ Sophòs éì caè diorậs, ei calôs légō.”			36 You are wise and observe, if I speak well.
	Σοφὸς	Sophòs	σοφός	wise
	εἶ	éì	εἰμί	you are
	καὶ	caè	καί	and
	διορᾷς	diorậs	διοράω	you observe
	εἰ	ei	εἰ	if
	καλῶς	calôs	καλῶς	well
	λέγω	légō	λέγω	I say
37 Ὡς δ' εἴ τις ὅπερ ἤθελ' οὐκέτι θέλει,	37 Hōs d' eí tis hóper ěthel' ūcéti thélei,			37 Just as if someone who no longer wants what he wished,
	Ὡς	Hōs	ὡς	just as
	δ'	d'	δέ	
	εἴ	eí	εἰ	if
	τις	tis	τις	someone
	ὅπερ	hóper	ὅς	what
	ἤθελ'	ěthel'	θέλω	wished
	οὐκέτι	ūcéti	οὐκέτι	no longer
	θέλει	thélei	θέλω	wants
38 Καὶ διὰ νέους σκοποὺς ἀλλάσσων φρένα	38 Caè dià néūs scopū̀s allássōn phréna			38 and changing his mind through new aims,
	Καὶ	Caè	καί	and
	διὰ	dià	διά	through
	νέους	néūs	νέος	new
	σκοποὺς	scopū̀s	σκοπός	aims
	ἀλλάσσων	allássōn	ἀλλάσσω	changing
	φρένα	phréna	φρήν	mind
39 Τὴν πρᾶξιν, ἧς ἤρξατο, καταλιμπάνει,	39 Tḕn prâxin, hês ěrxato, catalimpánei,			39 he abandons the action he began.
	Τὴν	Tḕn	ὁ	the
	πρᾶξιν	prâxin	πρᾶξις	action
	ἧς	hês	ὅς	which
	ἤρξατο	ěrxato	ἄρχομαι	he began
	καταλιμπάνει	catalimpánei	καταλείπω	he abandons
40 Τοιοῦτος ἤμην ἐν τῇ ζοφώδει ῥάχει·	40 Toeûtos ěmēn en tệ zophǒdei rháchei;			40 I was such on the gloomy cliff;
	Τοιοῦτος	Toeûtos	τοιοῦτος	Such
	ἤμην	ěmēn	εἰμί	I was
	ἐν	en	ἐν	in
	τῇ	tệ	ὁ	the
	ζοφώδει	zophǒdei	ζοφώδης	gloomy
	ῥάχει	rháchei	ῥάχη	cliff
41 Σκεφθεὶς γὰρ ἀπετράπην οὗπερ ἠρξάμην	41 Scephtheìs gàr apetrápēn hûper ērxámēn			41 For, reflecting, I turned away from what I began
	Σκεφθεὶς	Scephtheìs	σκέπτομαι	reflecting
	γὰρ	gàr	γάρ	for
	ἀπετράπην	apetrápēn	ἀποτρέπω	I turned away
	οὗπερ	hûper	ὅστις	from what
	ἠρξάμην	ērxámēn	ἄρχομαι	I began
42 Ἐγχειρήματος τοσαύτῃ προθυμίᾳ.	42 Encheirěmatos tosaútẹ̄ prothymíạ̄.			42 of an undertaking with so much eagerness.
	Ἐγχειρήματος	Encheirěmatos	ἐγχείρημα	undertaking
	τοσαύτῃ	tosaútẹ̄	τοσοῦτος	with so much
	προθυμίᾳ	prothymíạ̄	προθυμία	eagerness
43 “Εἰ καλῶς ἔγνων τὰ παρὰ σοῦ ῥηθέντα,”	43 “Ei calôs égnōn tà parà sû rhēthénta,”			43 "If I understood rightly what was spoken by you,"
	Εἰ	Ei	εἰ	If
	καλῶς	calôs	καλῶς	rightly
	ἔγνων	égnōn	γιγνώσκω	I understood
	τὰ	tà	ὁ	the
	παρὰ	parà	παρά	by
	σοῦ	sû	σύ	you
	ῥηθέντα	rhēthénta	ῥέω	spoken
44 Ἀπήντησεν ἡ σκιὰ τοῦ μεγαθύμου,	44 Apěntēsen hē scià tû megathýmū,			44 the shadow of the great-hearted answered,
	Ἀπήντησεν	Apěntēsen	ἀπαντάω	answered
	ἡ	hē	ὁ	the
	σκιὰ	scià	σκιά	shadow
	τοῦ	tû	ὁ	of the
	μεγαθύμου	megathýmū	μεγαθύμος	great-hearted
45 “Τὴν σὴν ἀπηχρείωσε ψυχὴν ὁ φόβος,	45 “Tḕn sḕn apēchreíōse psychḕn ho phóbos,			45 "fear deprived your soul.
	Τὴν	Tḕn	τὴν	the
	σὴν	sḕn	σύ	your
	ἀπηχρείωσε	apēchreíōse	ἀπαχρεόω	deprived
	ψυχὴν	psychḕn	ψυχή	soul
	ὁ	ho	ὁ	the
	φόβος	phóbos	φόβος	fear
46 „ Ὃς τὸν ἄνθρωπον συχνῶς οὕτω πιέζει,	46 „ Hòs tòn ánthrōpon sychnôs hǔtō piézei,			46 Who often oppresses man in such a way,
	Ὃς	Hòs	ὅς	who
	τὸν	tòn	ὁ	the
	ἄνθρωπον	ánthrōpon	ἄνθρωπος	man
	συχνῶς	sychnôs	συχνός	often
	οὕτω	hǔtō	οὕτως	in such a way
	πιέζει	piézei	πιέζω	oppresses
47 „ Ὥστ' ἀποτρέπει παντὸς εὐγενοῦς ἔργου,	47 „ Hǒst' apotrépei pantòs eugenûs érgū,			47 so that he turns away from every noble deed,
	Ὥστ'	Hǒst'	ὅστις	so that
	ἀποτρέπει	apotrépei	ἀποτρέπω	turns away
	παντὸς	pantòs	πᾶς	from every
	εὐγενοῦς	eugenûs	εὐγενής	noble
	ἔργου	érgū	ἔργον	deed
48 „ Ὡς ἵππον θέα ψευδὴς ἀφηνιάζει.	48 „ Hōs híppon théa pseudḕs aphēniázei.			48 as a false sight wearies the horse.
	Ὡς	Hōs	ὡς	as
	ἵππον	híppon	ἵππος	horse
	θέα	théa	θέα	sight
	ψευδὴς	pseudḕs	ψευδής	false
	ἀφηνιάζει	aphēniázei	ἀφαιρέω	wearies
49 „ Πρὸς ἀπαλλαγὴν τοῦ τοσούτου σου φόβου	49 „ Pròs apallagḕn tû tosǔtū sū phóbū			49 For relief from your fear,
	Πρὸς	Pròs	πρός	for
	ἀπαλλαγὴν	apallagḕn	ἀπαλλαγή	relief
	τοῦ	tû	ὁ	from the
	τοσούτου	tosǔtū	τοσοῦτος	so much
	σου	sū	σύ	your
	φόβου	phóbū	φόβος	fear
50 „ Ἐρῶ σοι, πόθεν καὶ τί μαθὼν ὧδ' ἦλθον,	50 „ Erô soe, póthen caè tí mathṑn hôd' êlthon,			50 I’ll tell you, why I came and what I’ve learned in this way,
	Ἐρῶ	Erô	ἐράω	I will tell
	σοι	soe	σύ	you
	πόθεν	póthen	πόθεν	why
	καὶ	caè	καί	and
	τί	tí	τί	what
	μαθὼν	mathṑn	μανθάνω	have learned
	ὧδ'	hôd'	ὧδε	in this way
	ἦλθον	êlthon	ἔρχομαι	I came
51 „ Ὅτ' ἐπὶ τοῖς σοῖς πρῶτον ἠχθέσθην πόνοις.	51 „ Hót' epì tóès sóès prôton ēchthésthēn pónoes.			51 when I was first burdened by labors upon your [sufferings].
	Ὅτ'	Hót'	ὅτε	when
	ἐπὶ	epì	ἐπί	upon
	τοῖς	tóès	ὁ	the
	σοῖς	sóès	σός	your
	πρῶτον	prôton	πρῶτος	first
	ἠχθέσθην	ēchthésthēn	φέρω	I was burdened
	πόνοις	pónoes	πόνος	by labors
52 „ Ὄντα μεταξὺ τῶν ὧδε μετεώρων,	52 „ Ónta metaxỳ tôn hôde meteǒrōn,			52 Being among these celestial beings,
	Ὄντα	Ónta	εἰμί	being
	μεταξὺ	metaxỳ	μεταξύ	among
	τῶν	tôn	ὁ	the
	ὧδε	hôde	ὧδε	these
	μετεώρων	meteǒrōn	μετέωρος	celestial
53 „ Καλεῖ με γυνὴ καλὴ καὶ μακαρία,	53 „ Caléì me gynḕ calḕ caè macaría,			53 a beautiful and blessed woman calls me,
	Καλεῖ	Caléì	καλέω	calls
	με	me	ἐγώ	me
	γυνὴ	gynḕ	γυνή	woman
	καλὴ	calḕ	καλός	beautiful
	καὶ	caè	καί	and
	μακαρία	macaría	μακάριος	blessed
54 „ Ἧς τὰς προσταγὰς προθύμως ᾐτησάμην.	54 „ Hês tàs prostagàs prothýmōs ẹ̄tēsámēn.			54 of whom I eagerly asked for her commands.
	Ἧς	Hês	ὅς	of whom
	τὰς	tàs	ὁ	her
	προσταγὰς	prostagàs	προσταγή	commands
	προθύμως	prothýmōs	προθυμέω	eagerly
	ᾐτησάμην	ẹ̄tēsámēn	αἰτέω	I asked
55 „ Ὄμμασιν ἄστρων πλέον ἀκτινοβόλοις	55 „ Ómmasin ástrōn pléon actinobóloes			55 With eyes more radiating than the stars,
	Ὄμμασιν	Ómmasin	ὄμμα	with eyes
	ἄστρων	ástrōn	ἄστηρ	stars
	πλέον	pléon	πλέω	more
	ἀκτινοβόλοις	actinobóloes	ἀκτινοβόλος	radiating
56 „ Ἤρξατο λέγειν προσηνὴς καὶ γλυκεῖα,	56 „ Ěrxato légein prosēnḕs caè glycéìa,			56 she began to speak kindly and sweetly,
	Ἤρξατο	Ěrxato	ἄρχομαι	began
	λέγειν	légein	λέγω	to say
	προσηνὴς	prosēnḕs	προσηνής	kindly
	καὶ	caè	καί	and
	γλυκεῖα	glycéìa	γλυκύς	sweetly
57 „ Ἀγγελικῇ τῇ φωνῇ προσφθεγγομένη.”—	57 „ Angelicệ tệ phōnệ prosphthengoménē.”—			57 addressing me with an angelic voice.”—
	Ἀγγελικῇ	Angelicệ	ἄγγελος	angelic
	τῇ	tệ	ὁ	the
	φωνῇ	phōnệ	φωνή	voice
	προσφθεγγομένη	prosphthengoménē	προσφθέγγομαι	addressing with
58 —“Ὦ κεχαριτωμένη ψυχὴ Μαντύας,	58 —“Ô cecharitōménē psychḕ Mantýas,			58 —"O favored soul of Mantua,
	Ὦ	Ô	ὦ	O
	κεχαριτωμένη	cecharitōménē	χαριτόω	favored
	ψυχὴ	psychḕ	ψυχή	soul
	Μαντύας	Mantýas	Μαντύας	Mantua
59 „ Ἧς ἔτ' ἐν τῇ γῇ διατελεῖ τὸ κλέος,	59 „ Hês ét' en tệ gệ diateléì tò cléos,			59 of which glory still endures on the land,
	Ἧς	Hês	ὅς	of which
	ἔτ'	ét'	ἔτι	still
	ἐν	en	ἐν	in
	τῇ	tệ	ὁ	the
	γῇ	gệ	γῆ	land
	διατελεῖ	diateléì	διατελέω	endures
	τὸ	tò	ὁ	the
	κλέος	cléos	κλέος	glory
60 „ Διαμενεῖ τ' ἐφ' ὅσον τὸ πᾶν κινεῖται·	60 „ Diamenéì t' eph' hóson tò pân cinéìtae;			60 and will remain as long as everything is in motion.
	Διαμενεῖ	Diamenéì	διαμένω	will remain
	τ'	t'	τε	and
	ἐφ'	eph'	ἐπί	on
	ὅσον	hóson	ὅσος	as long as
	τὸ	tò	ὁ	the
	πᾶν	pân	πᾶς	everything
	κινεῖται	cinéìtae	κινέω	is moved
61 „ Φίλος τις ἐμός, ἀλλ' οὐ φίλος τῆς τύχης,	61 „ Phílos tis emós, all' ū phílos tês týchēs,			61 A certain friend of mine, but not a friend of fortune,
	Φίλος	Phílos	φίλος	a friend
	τις	tis	τις	a certain one
	ἐμός	emós	ἐμός	of mine
	ἀλλ'	all'	ἀλλά	but
	οὐ	ū	οὐ	not
	φίλος	phílos	φίλος	a friend
	τῆς	tês	ὁ	of the
	τύχης	týchēs	τύχη	fortune
62 „ Οὕτω κωλύετ' ἐν τοῖς ἐρήμοις τόποις	62 „ Hǔtō cōlýet' en tóès erěmoes tópoes			62 is hindered in such a way in deserted places
	Οὕτω	Hǔtō	οὕτως	in such a way
	κωλύετ'	cōlýet'	κωλύω	is hindered
	ἐν	en	ἐν	in
	τοῖς	tóès	ὁ	the
	ἐρήμοις	erěmoes	ἔρημος	deserted
	τόποις	tópoes	τόπος	places
63 „ Καθ' ὁδόν, ὥστ' ἐκ φόβου τρέπετ' ὀπίσω·	63 „ Cath' hodón, hǒst' ec phóbū trépet' opísō;			63 by the road so that he turns backward from fear.
	Καθ'	Cath'	κατά	by
	ὁδόν	hodón	ὁδός	the road
	ὥστ'	hǒst'	ὥστε	so that
	ἐκ	ec	ἐκ	from
	φόβου	phóbū	φόβος	fear
	τρέπετ'	trépet'	τρέπω	turns
	ὀπίσω	opísō	ὀπίσω	backward
64 „ Καὶ δέος μήπως ἤδη παρεπλανήθη,	64 „ Caè déos měpōs ědē pareplaněthē,			64 And fearing lest he was already led astray,
	Καὶ	Caè	καί	and
	δέος	déos	δέος	fear
	μήπως	měpōs	μήπως	lest
	ἤδη	ědē	ἤδη	already
	παρεπλανήθη	pareplaněthē	πλανάω	he was led astray
65 „ Κἀγὼ πρὸς ἐπαρωγὴν ἦλθον βραδέως,	65 „ Ca'gṑ pròs eparōgḕn êlthon bradéōs,			65 and I came slowly towards incitement,
	Κἀγὼ	Ca'gṑ	κἀγώ	and I
	πρὸς	pròs	πρός	towards
	ἐπαρωγὴν	eparōgḕn	ἐπαρωγή	incitement
	ἦλθον	êlthon	ἔρχομαι	I came
	βραδέως	bradéōs	βραδέως	slowly
66 „ Ὡς ἐν οὐρανοῖς ἤκουσα περὶ τούτου.	66 „ Hōs en ūranóès ěcūsa perì tǔtū.			66 as I heard in the heavens about this.
	Ὡς	Hōs	ὡς	as
	ἐν	en	ἐν	in
	οὐρανοῖς	ūranóès	οὐρανός	the heavens
	ἤκουσα	ěcūsa	ἀκούω	I heard
	περὶ	perì	περί	about
	τούτου	tǔtū	οὗτος	this
67 „ Ἄγε δὴ κινήθητι, σαῖς τ' εὐεπείαις	67 „ Áge dḕ ciněthēti, sáès t' euepeíaes			67 Come now, take action with your favorable conditions
	Ἄγε	Áge	ἄγω	Come
	δὴ	dḕ	δή	now
	κινήθητι	ciněthēti	κινέω	take action
	σαῖς	sáès	σός	your
	τ'	t'	τε	and
	εὐεπείαις	euepeíaes	εὔεπεία	favorable conditions
68 „ Καὶ πᾶσι τρόποις, οἷς δύναται σωθῆναι,	68 „ Caè pâsi trópoes, hóès dýnatae sōthênae,			68 in all ways by which you can be saved.
	Καὶ	Caè	καί	and
	πᾶσι	pâsi	πᾶς	in all
	τρόποις	trópoes	τρόπος	ways
	οἷς	hóès	ὅς	by which
	δύναται	dýnatae	δύναμαι	can
	σωθῆναι	sōthênae	σώζω	be saved
69 „ Αὐτῷ βοήθει, κἀμοὶ συνεργὸς γίνου.	69 „ Autộ boěthei, ca'moè synergòs gínū.			69 Help yourself, and become a collaborator to me.
	Αὐτῷ	Autộ	αὐτός	to him
	βοήθει	boěthei	βοηθέω	help
	κἀμοὶ	ca'moè	κἀγώ	and to me
	συνεργὸς	synergòs	συνεργός	collaborator
	γίνου	gínū	γίνομαι	become
70 „ Εἰμὶ Βεάτριξ, ἐγώ τε σ' ἀποστέλλω·	70 „ Eimì Beátrix, egǒ te s' apostéllō;			70 I am Beatrix, and I send you:
	Εἰμὶ	Eimì	εἰμί	I am
	Βεάτριξ	Beátrix	Βεάτριξ	Beatrix
	ἐγώ	egǒ	ἐγώ	I
	τε	te	τε	and
	σ'	s'	σύ	you
	ἀποστέλλω	apostéllō	ἀποστέλλω	I send
71 „ Ἔρχομ' ἔνθεν μοι ποθητὸν ἐπιστρέψαι.	71 „ Érchom' énthen moe pothētòn epistrépsae.			71 I come from here to return what is longed for to me.
	Ἔρχομ'	Érchom'	ἔρχομαι	I come
	ἔνθεν	énthen	ἔνθεν	from here
	μοι	moe	ἐγώ	to me
	ποθητὸν	pothētòn	ποθητός	longed for
	ἐπιστρέψαι	epistrépsae	ἐπιστρέφω	to return
72 „ Φίλτρον ἐκίνησέ με, λόγους τ' ἐμπνέει.	72 „ Phíltron ecínēsé me, lógūs t' empnéei.			72 A love potion moved me and inspires words.
	Φίλτρον	Phíltron	φίλτρον	love potion
	ἐκίνησέ	ecínēsé	κινέω	moved
	με	me	ἐγώ	me
	λόγους	lógūs	λόγος	words
	τ'	t'	τε	and
	ἐμπνέει	empnéei	ἐμπνέω	inspires
73 „ Ὅτ' ἔσομ' ἐνώπιον τοὐμοῦ Κυρίου,	73 „ Hót' ésom' enǒpion tū'mû Cyríū,			73 When I will be in the presence of my Lord,
	Ὅτ'	Hót'	ὅτε	when
	ἔσομ'	ésom'	εἰμί	I will be
	ἐνώπιον	enǒpion	ἐνώπιον	in the presence
	τοὐμοῦ	tū'mû	τοῦ ἐμοῦ	of my
	Κυρίου	Cyríū	Κύριος	Lord
74 „ Αὐτῷ συχνάκις περὶ σοῦ καλῶς λέξω.”—	74 „ Autộ sychnácis perì sû calôs léxō.”—			74 I will often speak well about you to Him."—
	Αὐτῷ	Autộ	αὐτός	to him
	συχνάκις	sychnácis	συχνά	often
	περὶ	perì	περί	about
	σοῦ	sû	σύ	you
	καλῶς	calôs	καλῶς	well
	λέξω	léxō	λέγω	I will speak
75 — “Ἡ μὲν ἐσιώπησεν, ἐγὼ δ' ἠρξάμην.”	75 — “Hē mèn esiǒpēsen, egṑ d' ērxámēn.”			75 — "She indeed was silent, but I began."
	Ἡ	Hē	ὁ	she
	μὲν	mèn	μέν	indeed
	ἐσιώπησεν	esiǒpēsen	σιωπάω	was silent
	ἐγὼ	egṑ	ἐγώ	I
	δ'	d'	δέ	but
	ἠρξάμην	ērxámēn	ἄρχομαι	I began
76 “Ὦ δέσποινα, κάτοχε τοῦ μόνου δώρου,	76 “Ô déspoena, cátoche tû mónū dǒrū,			76 "O lady, possessor of the only gift,
	Ὦ	Ô	ὦ	O
	δέσποινα	déspoena	δέσποινα	lady
	κάτοχε	cátoche	κάτοχος	possessor
	τοῦ	tû	ὁ	of the
	μόνου	mónū	μόνος	only
	δώρου	dǒrū	δῶρον	gift
77 „ Δι' οὗπερ τἀνθρώπινον ἐξέχει γένος	77 „ Di' hûper ta'nthrǒpinon exéchei génos			77 through which the human race pours forth,
	Δι'	Di'	διά	through
	οὗπερ	hûper	ὅς	which
	τἀνθρώπινον	ta'nthrǒpinon	ὁ ἄνθρωπος	the human
	ἐξέχει	exéchei	ἐκχέω	pours forth
	γένος	génos	γένος	race
78 „ Πάντων τῶν ἐν οὐρανῷ τῷ μειοτρόχῳ·	78 „ Pántōn tôn en ūranộ tộ meiotróchọ̄;			78 the race of all in the lesser heaven.
	Πάντων	Pántōn	πᾶς	of all
	τῶν	tôn	ὁ	the
	ἐν	en	ἐν	in
	οὐρανῷ	ūranộ	οὐρανός	heaven
	τῷ	tộ	ὁ	the
	μειοτρόχῳ	meiotróchọ̄	μειοτρέχω	lesser
79 „ Οὕτως εὐάρεστόν μοι τὸ πρόσταγμά σου,	79 „ Hǔtōs euárestón moe tò próstagmá sū,			79 In this way, your command is pleasing to me,
	Οὕτως	Hǔtōs	οὕτως	in this way
	εὐάρεστόν	euárestón	εὐάρεστος	pleasing
	μοι	moe	ἐγώ	to me
	τὸ	tò	ὁ	the
	πρόσταγμά	próstagmá	πρόσταγμα	commands
	σου	sū	σύ	of yours
80 „ Ὥστ' ἀμέσως ὑπείκων δοκῶ βραδύνειν.	80 „ Hǒst' amésōs hypeícōn docô bradýnein.			80 so that immediately, yielding, I seem to be slow.
	Ὥστ'	Hǒst'	ὥστε	so that
	ἀμέσως	amésōs	ἀμέσως	immediately
	ὑπείκων	hypeícōn	ὑπείκω	yielding
	δοκῶ	docô	δοκέω	I seem
	βραδύνειν	bradýnein	βραδύνω	to be slow
81 „ Οὐ χρῄζεις πέρα φράζειν τὰς σὰς ἐφέσεις·	81 „ Ū chrẹ̌zeis péra phrázein tàs sàs ephéseis;			81 You do not need to explain your commands.
	Οὐ	Ū	οὐ	not
	χρῄζεις	chrẹ̌zeis	χρῄζω	you need
	πέρα	péra	πέρα	beyond
	φράζειν	phrázein	φράζω	to explain
	τὰς	tàs	ὁ	the
	σὰς	sàs	σύ	your
	ἐφέσεις	ephéseis	ἔφεσις	commands
82 „ Ἀλλὰ λέγε μοι, πῶς κατέβης ἐνταῦθα	82 „ Allà lége moe, pôs catébēs entáùtha			82 But tell me, how did you descend here,
	Ἀλλὰ	Allà	ἀλλά	but
	λέγε	lége	λέγω	tell
	μοι	moe	ἐγώ	me
	πῶς	pôs	πῶς	how
	κατέβης	catébēs	καταβαίνω	you descended
	ἐνταῦθα	entáùtha	ἐνταῦθα	here
83 „ Ἐν τῷ χαμηλῷ τούτῳ κέντρῳ, λιποῦσα	83 „ En tộ chamēlộ tǔtọ̄ céntrọ̄, lipûsa			83 in this humble center, having left
	Ἐν	En	ἐν	In
	τῷ	tộ	ὁ	the
	χαμηλῷ	chamēlộ	χαμηλός	humble
	τούτῳ	tǔtọ̄	οὗτος	this
	κέντρῳ	céntrọ̄	κέντρον	center
	λιποῦσα	lipûsa	λείπω	having left
84 „ Τὸν εὐρὺν χῶρον, ἔνθ' ἐπανελθεῖν θέλεις.”—	84 „ Tòn eurỳn chôron, énth' epanelthéìn théleis.”—			84 the wide space, where you want to return?”—
	Τὸν	Tòn	ὁ	the
	εὐρὺν	eurỳn	εὐρύς	wide
	χῶρον	chôron	χῶρος	space
	ἔνθ'	énth'	ἔνθα	where
	ἐπανελθεῖν	epanelthéìn	ἐπανέρχομαι	to return
	θέλεις	théleis	θέλω	you want
85 — “Ἐπεὶ τὰ πάντ' εἰς βάθος εἰδέναι βούλει,	85 — “Epeì tà pánt' eis báthos eidénae bǔlei,			85 —"Since you want to know everything in depth,
	Ἐπεὶ	Epeì	ἐπεί	Since
	τὰ	tà	ὁ	the
	πάντ'	pánt'	πᾶς	everything
	εἰς	eis	εἰς	in
	βάθος	báthos	βάθος	depth
	εἰδέναι	eidénae	εἴδω	to know
	βούλει	bǔlei	βούλομαι	you want
86 „ Ἐρῶ σοι βραχυεπῶς,” εἶπεν ἐκείνη,	86 „ Erô soe brachyepôs,” éìpen eceínē,			86 I will speak to you briefly," she said,
	Ἐρῶ	Erô	ἐρῶ	I will speak
	σοι	soe	σύ	to you
	βραχυεπῶς	brachyepôs	βραχύς	briefly
	εἶπεν	éìpen	λέγω	she said
	ἐκείνη	eceínē	ἐκεῖνος	that
87 “Ὡς οὐκ ἐνθάδε δειλιῶ καταβῆναι.	87 “Hōs ūc entháde deiliô catabênae.			87 "So that I don't hesitate to descend here.
	Ὡς	Hōs	ὡς	how
	οὐκ	ūc	οὐ	not
	ἐνθάδε	entháde	ἐνταῦθα	here
	δειλιῶ	deiliô	δειλιάω	I hesitate
	καταβῆναι	catabênae	καταβαίνω	to descend
88 „ Ἐκεῖνα μόνα πᾶς ὀφείλει φοβεῖσθαι,	88 „ Ecéìna móna pâs opheílei phobéìsthae,			88 Everyone should fear only those things
	Ἐκεῖνα	Ecéìna	ἐκεῖνος	those
	μόνα	móna	μόνος	alone
	πᾶς	pâs	πᾶς	everyone
	ὀφείλει	opheílei	ὀφείλω	should
	φοβεῖσθαι	phobéìsthae	φοβέομαι	fear
89 „ Ἅπερ δύναται προξενεῖν αὐτῷ βλάβην·	89 „ Háper dýnatae proxenéìn autộ blábēn;			89 which can cause harm to oneself.
	Ἅπερ	Háper	ὅς ἥ ὅ	which
	δύναται	dýnatae	δύναμαι	can
	προξενεῖν	proxenéìn	προξενέω	cause
	αὐτῷ	autộ	αὐτός	to himself
	βλάβην	blábēn	βλάβη	harm
90 „ Οὐχὶ δὲ τἆλλα· ταῦτ' οὐ γὰρ φοβητέα.	90 „ Ūchì dè tâ'lla; táùt' ū gàr phobētéa.			90 But the other things: these are not to be feared.
	Οὐχὶ	Ūchì	οὐχί	not
	δὲ	dè	δέ	but
	τἆλλα	tâ'lla	τἆλλα	the other things
	ταῦτ'	táùt'	οὗτος	these
	οὐ	ū	οὐ	not
	γὰρ	gàr	γάρ	for
	φοβητέα	phobētéa	φοβητέος	to be feared
91 „ Τοιάδ' ἐγὼ χάριτι κατέστην θείᾳ,	91 „ Toeád' egṑ cháriti catéstēn theíạ̄,			91 I have become like this by divine grace,
	Τοιάδ'	Toeád'	τοιοῦτος	Like this
	ἐγὼ	egṑ	ἐγώ	I
	χάριτι	cháriti	χάρις	by grace
	κατέστην	catéstēn	καθίστημι	I’ve become
	θείᾳ	theíạ̄	θεῖος	divine
92 „ Ὥστ' ἡ τληπάθει' ὑμῶν οὐδέν με βλάπτει,	92 „ Hǒst' hē tlēpáthei' hymôn ūdén me bláptei,			92 so that the suffering of you does not harm me,
	Ὥστ'	Hǒst'	ὥστε	so that
	ἡ	hē	ὁ	the
	τληπάθει'	tlēpáthei'	τληπαθέω	suffering
	ὑμῶν	hymôn	σύ	of you
	οὐδέν	ūdén	οὐδείς	nothing
	με	me	ἐγώ	me
	βλάπτει	bláptei	βλάπτω	harms
93 „ Οὔτε φλὸξ τούτου τοῦ πυρὸς ἅπτεταί μου.	93 „ Ǔte phlòx tǔtū tû pyròs háptetaé mū.			93 neither does the flame of this fire touch me.
	Οὔτε	Ǔte	οὔτε	neither
	φλὸξ	phlòx	φλόξ	flame
	τούτου	tǔtū	οὗτος	this
	τοῦ	tû	ὁ	of the
	πυρὸς	pyròs	πῦρ	fire
	ἅπτεταί	háptetaé	ἅπτομαι	touches
	μου	mū	ἐγώ	me
94 „ Ἐν Οὐρανοῖς εὐμενής ἐστι Κυρία,	94 „ En Ūranóès eumeněs esti Cyría,			94 In the heavens, the Lady is favorable,
	Ἐν	En	ἐν	in
	Οὐρανοῖς	Ūranóès	οὐρανός	heavens
	εὐμενής	eumeněs	εὔνοος	favorable
	ἐστι	esti	εἰμί	is
	Κυρία	Cyría	κυρία	Lady
95 „ Οἰκτείρουσα τὸν ἄνδρα, πρὸς ὅν σε στέλλω,	95 „ Oecteírūsa tòn ándra, pròs hón se stéllō,			95 having compassion for the man to whom I send you,
	Οἰκτείρουσα	Oecteírūsa	οἰκτείρω	having compassion
	τὸν	tòn	ὁ	the
	ἄνδρα	ándra	ἀνήρ	man
	πρὸς	pròs	πρός	to
	ὅν	hón	ὅς	whom
	σε	se	σύ	you
	στέλλω	stéllō	στέλλω	I send
96 „ Ὡς τὰς στυγερὰς ἄνω κάμπτουσα κρίσεις.	96 „ Hōs tàs stygeràs ánō cámptūsa críseis.			96 so that you may bend the hateful judgments above.
	Ὡς	Hōs	ὡς	so that
	τὰς	tàs	ὁ	the
	στυγερὰς	stygeràs	στυγερός	hateful
	ἄνω	ánō	ἄνω	above
	κάμπτουσα	cámptūsa	κάμπτω	may bend
	κρίσεις	críseis	κρίσις	judgments
97 „ Αὕτη Λουκίαν μετακαλεσαμένη,	97 „ Haútē Lūcían metacalesaménē,			97 She, having summoned Lucius,
	Αὕτη	Haútē	οὗτος	she
	Λουκίαν	Lūcían	Λουκίας	Lucius
	μετακαλεσαμένη	metacalesaménē	μετακαλέω	having summoned
98 „ Εἶπε· ‘“Νῦν ὁ σὸς πιστὸς σοῦ χρείαν ἔχει·	98 „ Éìpe; ‘“Nŷn ho sòs pistòs sû chreían échei;			98 said, 'Now, your faithful one needs Him;
	Εἶπε	Éìpe	εἶπον	she said
	Νῦν	Nŷn	νῦν	now
	ὁ	ho	ὁ	the
	σὸς	sòs	σός	your
	πιστὸς	pistòs	πιστός	faithful
	σοῦ	sû	σύ	of yours
	χρείαν	chreían	χρεία	need
	ἔχει	échei	ἔχω	has
99 „ Αὐτὸν ἐνθέρμως κἀγὼ συνίστημί σοι.”’	99 „ Autòn enthérmōs ca'gṑ synístēmí soe.”’			99 I fervently present Him to you.'"
	Αὐτὸν	Autòn	αὐτός	him
	ἐνθέρμως	enthérmōs	ἐνθερμέω	fervently
	κἀγὼ	ca'gṑ	κἀγώ	and I
	συνίστημί	synístēmí	συνίστημι	present,
	σοι	soe	σύ	to you
100 “Λουκία πάντων ἐχθρὰ σκληροκαρδίων	100 “Lūcía pántōn echthrà sclērocardíōn			100 "Lucius, the enemy of all hard-hearted,
	Λουκία	Lūcía	Λουκίας	Lucius
	πάντων	pántōn	πᾶς	of all
	ἐχθρὰ	echthrà	ἐχθρός	enemy
	σκληροκαρδίων	sclērocardíōn	σκληροκάρδιος	hard-hearted
101 „ Εὐθὺς ἀνέστη, κ' εἰς τόπον ἦλθεν ὅπου	101 „ Euthỳs anéstē, c' eis tópon êlthen hópū			101 immediately arose and came to the place where
	Εὐθὺς	Euthỳs	εὐθύς	immediately
	ἀνέστη	anéstē	ἀνίστημι	arose
	κ'	c'	καί	and
	εἰς	eis	εἰς	to
	τόπον	tópon	τόπος	place
	ἦλθεν	êlthen	ἔρχομαι	came
	ὅπου	hópū	ὅπου	where
102 „ Μετὰ τῆς Ῥαχὴλ καθήμην τῆς ἀρχαίας·	102 „ Metà tês Rhachḕl cathěmēn tês archaéas;			102 I sat with Rachel, the ancient one.
	Μετὰ	Metà	μετά	with
	τῆς	tês	ὁ	the
	Ῥαχὴλ	Rhachḕl	Ῥαχήλ	Rachel
	καθήμην	cathěmēn	κάθημαι	I sat
	τῆς	tês	ὁ	the
	ἀρχαίας	archaéas	ἀρχαῖος	ancient
103 „ Εἶπε· ‘“Βεάτριξ, ἀληθὴς θεῖος αἶνος,	103 „ Éìpe; ‘“Beátrix, alēthḕs théìos áènos,			103 He said, '”Beatrice, true divine praise,
	Εἶπε	Éìpe	εἶπον	he said
	Βεάτριξ	Beátrix	Βεάτριξ	Beatrice
	ἀληθὴς	alēthḕs	ἀληθής	true
	θεῖος	théìos	θεῖος	divine
	αἶνος	áènos	αἶνος	praise
104 „ Πῶς οὐ βοηθεῖς τῷ σε πεφιληκότι,	104 „ Pôs ū boēthéìs tộ se pephilēcóti,			104 how do you not help the one who has loved you,
	Πῶς	Pôs	πῶς	how
	οὐ	ū	οὐ	not
	βοηθεῖς	boēthéìs	βοηθέω	you help
	τῷ	tộ	ὁ	the
	σε	se	σύ	you
	πεφιληκότι	pephilēcóti	φιλέω	having loved
105 „ Διὰ σέ τ' ἐξελθόντι τοῦ χύδην ὄχλου;	105 „ Dià sé t' exelthónti tû chýdēn óchlū?			105 and through you, having gone out of the crowd?
	Διὰ	Dià	διά	through
	σέ	sé	σύ	you
	τ'	t'	τε	and
	ἐξελθόντι	exelthónti	ἐξέρχομαι	having gone out
	τοῦ	tû	ὁ	of the
	χύδην	chýdēn	χύδην	abundantly
	ὄχλου	óchlū	ὄχλος	crowd
106 „ Οὐκ ἀκούεις νῦν αὐτοῦ τοὺς οἰκτροὺς θρήνους;	106 „ Ūc acǔeis nŷn autû tū̀s oectrū̀s thrěnūs?			106 Do not you hear now his pitiful lamentations?
	Οὐκ	Ūc	οὐκ	not
	ἀκούεις	acǔeis	ἀκούω	you hear
	νῦν	nŷn	νῦν	now
	αὐτοῦ	autû	αὐτός	his
	τοὺς	tū̀s	ὁ	the
	οἰκτροὺς	oectrū̀s	οἰκτρός	pitiable
	θρήνους	thrěnūs	θρῆνος	lamentations
107 „ Οὐχ ὁρᾷς αὐτὸν μαχόμενον θανάτῳ	107 „ Ūch horậs autòn machómenon thanátọ̄			107 Do you not see him fighting with death
	Οὐχ	Ūch	οὐχ	not
	ὁρᾷς	horậs	ὁράω	you see
	αὐτὸν	autòn	αὐτός	him
	μαχόμενον	machómenon	μάχομαι	fighting
	θανάτῳ	thanátọ̄	θάνατος	death
108 „ Ἐπὶ ποταμοῦ θαλάσσης δεινοτέρου;”’	108 „ Epì potamû thalássēs deinotérū?”’			108 on a river more terrible than the sea?”’
	Ἐπὶ	Epì	ἐπί	on
	ποταμοῦ	potamû	ποταμός	river
	θαλάσσης	thalássēs	θάλασσα	sea
	δεινοτέρου	deinotérū	δεινός	terrible
109 “Οὐδείς ποτ' ἐν τῷ κόσμῳ θηρεύων κέρδος,	109 “Ūdeís pot' en tộ cósmọ̄ thēreúōn cérdos,			109 "No one ever within the world, hunting for gain,
	Οὐδείς	Ūdeís	οὐδείς	no one
	ποτ'	pot'	ποτέ	ever
	ἐν	en	ἐν	within
	τῷ	tộ	ὁ	the
	κόσμῳ	cósmọ̄	κόσμος	world
	θηρεύων	thēreúōn	θηρεύω	hunting
	κέρδος	cérdos	κέρδος	gain
110 „ Ἢ βλάβην ἀποφεύγων, ἔδραμε τόσον,	110 „ Ḕ blábēn apopheúgōn, édrame tóson,			110 Or avoiding harm, ran so much,
	Ἢ	Ḕ	ἤ	or
	βλάβην	blábēn	βλάβη	harm
	ἀποφεύγων	apopheúgōn	ἀποφεύγω	avoiding
	ἔδραμε	édrame	τρέχω	he ran
	τόσον	tóson	τόσος	so much
111 „ Ὁπόσον ὅτ' ἤκουσα τοιούτους λόγους.	111 „ Hopóson hót' ěcūsa toeǔtūs lógūs.			111 As much as when I heard such words.
	Ὁπόσον	Hopóson	ὅσος	as much as
	ὅτ'	hót'	ὅτε	when
	ἤκουσα	ěcūsa	ἀκούω	I heard
	τοιούτους	toeǔtūs	τοιοῦτος	such
	λόγους	lógūs	λόγος	words
112 „ Ὧδε κατέβην ἐκ τῆς μακάρων ἕδρας,	112 „ Hôde catébēn ec tês macárōn hédras,			112 Here I came down from the blessed seat,
	Ὧδε	Hôde	ὧδε	Here
	κατέβην	catébēn	καταβαίνω	I came down
	ἐκ	ec	ἐκ	from
	τῆς	tês	ὁ	the
	μακάρων	macárōn	μακάρες	blessed
	ἕδρας	hédras	ἕδρα	seat
113 „ Ἔχουσα πίστιν εἰς τὸ σὸν καλῶς λέγειν,	113 „ Échūsa pístin eis tò sòn calôs légein,			113 Having faith in speaking well of yours,
	Ἔχουσα	Échūsa	ἔχω	having
	πίστιν	pístin	πίστις	faith
	εἰς	eis	εἰς	in
	τὸ	tò	ὁ	the
	σὸν	sòn	σός	your
	καλῶς	calôs	καλῶς	well
	λέγειν	légein	λέγω	to speak
114 „ Ὅπερ τιμᾷ σε καὶ τοὺς ἀκούσαντάς σου.”—	114 „ Hóper timậ se caè tū̀s acǔsantás sū.”—			114 Which honors you and those who heard you.”—
	Ὅπερ	Hóper	ὅστις	which
	τιμᾷ	timậ	τιμάω	honors
	σε	se	σύ	you
	καὶ	caè	καί	and
	τοὺς	tū̀s	ὁ	the
	ἀκούσαντάς	acǔsantás	ἀκούω	those who heard
	σου	sū	σύ	you
115 —“Εἰποῦσα ταῦτα, τοὺς ὀφθαλμοὺς δακρύοις	115 —“Eipûsa táùta, tū̀s ophthalmū̀s dacrýoes			115 —”Having said these, with tears in her eyes,
	Εἰποῦσα	Eipûsa	εἶπον	having said
	ταῦτα	táùta	οὗτος	these
	τοὺς	tū̀s	ὁ	the
	ὀφθαλμοὺς	ophthalmū̀s	ὀφθαλμός	eyes
	δακρύοις	dacrýoes	δάκρυον	with tears
116 „ Πρός με λάμποντας προσέτρεψε, καὶ τοῦτο	116 „ Prós me lámpontas prosétrepse, caè tûto			116 Turned towards me shining, and this,
	Πρός	Prós	πρός	towards
	με	me	ἐγώ	me
	λάμποντας	lámpontas	λάμπω	shining
	προσέτρεψε	prosétrepse	προστρέπω	turned
	καὶ	caè	καί	and
	τοῦτο	tûto	οὗτος	this
117 „ Ἐπετάχυνεν ἐμὴν ἄφιξιν ὧδε.	117 „ Epetáchynen emḕn áphixin hôde.			117 Hastened my arrival here.
	Ἐπετάχυνεν	Epetáchynen	ἐπιταχύνω	hastened
	ἐμὴν	emḕn	ἐμός	my
	ἄφιξιν	áphixin	ἄφιξις	arrival
	ὧδε	hôde	ὧδε	here
118 „ Παρὰ σὲ δ' ἐλθών, ὡς προὔτρεψεν ἐκείνη,	118 „ Parà sè d' elthǒn, hōs prǔ'trepsen eceínē,			118 Having come from you, as she turned,
	Παρὰ	Parà	παρά	from
	σὲ	sè	σύ	you
	δ'	d'	δέ	and
	ἐλθών	elthǒn	ἔρχομαι	having come
	ὡς	hōs	ὡς	as
	προὔτρεψεν	prǔ'trepsen	προτρέπω	turned
	ἐκείνη	eceínē	ἐκεῖνος	she
119 „ Ἔσωσά σε τῆς θηρός, ἥτις τὴν ὄρους	119 „ Ésōsá se tês thērós, hětis tḕn órūs			119 I saved you from the beast, which the mountain,
	Ἔσωσά	Ésōsá	σῴζω	I saved
	σε	se	σύ	you
	τῆς	tês	ὁ	the
	θηρός	thērós	θήρ	beast
	ἥτις	hětis	ὅστις	which
	τὴν	tḕn	ὁ	the
	ὄρους	órūs	ὄρος	mountain
120 „ Τοῦ καλοῦ προσέλευσιν ἐκώλυέ σοι.	120 „ Tû calû proséleusin ecǒlyé soe.			120 Prevented the beautiful approach to you.
	Τοῦ	Tû	ὁ	the
	καλοῦ	calû	καλός	beautiful
	προσέλευσιν	proséleusin	προσέλευσις	approach
	ἐκώλυέ	ecǒlyé	κωλύω	prevented
	σοι	soe	σύ	you
121 „ Τί τὸ λοιπόν; διὰ τί, διὰ τί μένεις;	121 „ Tí tò loepón? dià tí, dià tí méneis?			121 What, therefore? Why, why are you staying?
	Τί	Tí	τί	what
	τὸ	tò	ὁ	the
	λοιπόν	loepón	λοιπόν	therefore
	διὰ	dià	διά	why
	τί	tí	τί	what
	διὰ	dià	διά	why
	τί	tí	τί	what
	μένεις	méneis	μένω	you stay
122 „ Πῶς εἶ τοσοῦτον ἄνανδρος τὴν καρδίαν;	122 „ Pôs éì tosûton ánandros tḕn cardían?			122 How are you so unmanly in your heart?
	Πῶς	Pôs	πῶς	how
	εἶ	éì	εἰμί	you are
	τοσοῦτον	tosûton	τοσοῦτος	so much
	ἄνανδρος	ánandros	ἄνανδρος	unmanly
	τὴν	tḕn	ὁ	the
	καρδίαν	cardían	καρδία	heart
123 „ Πῶς οὔτε τόλμην οὔτε θρασύτητ' ἔχεις,	123 „ Pôs ǔte tólmēn ǔte thrasýtēt' écheis,			123 How do you neither have courage nor boldness?
	Πῶς	Pôs	πῶς	how
	οὔτε	ǔte	οὔτε	neither
	τόλμην	tólmēn	τόλμα	courage
	οὔτε	ǔte	οὔτε	neither
	θρασύτητ'	thrasýtēt'	θρασύτης	boldness
	ἔχεις	écheis	ἔχω	you have
124 „ Ἐν ᾧ τοιαῦται τρεῖς μάκαιραι Κυρίαι	124 „ En hộ toeáùtae tréìs mácaerae Cyríae			124 In which such three blessed Ladies
	Ἐν	En	ἐν	in
	ᾧ	hộ	ὅς	which
	τοιαῦται	toeáùtae	τοιοῦτος	such
	τρεῖς	tréìs	τρεῖς	three
	μάκαιραι	mácaerae	μάκαρ	blessed
	Κυρίαι	Cyríae	Κύριος	Ladies
125 „ Ἐν τοῖς οὐρανοῖς ὑπὲρ σοῦ μεριμνῶσι,	125 „ En tóès ūranóès hypèr sû merimnôsi,			125 In the heavens above you are concerned,
	Ἐν	En	ἐν	in
	τοῖς	tóès	ὁ	the
	οὐρανοῖς	ūranóès	οὐρανός	heavens
	ὑπὲρ	hypèr	ὑπέρ	above
	σοῦ	sû	σύ	you
	μεριμνῶσι	merimnôsi	μεριμνάω	are concerned
126 „ Καλά σοι δ' οὑμοὶ προσυπισχνοῦνται λόγοι;”	126 „ Calá soe d' hūmoè prosypischnûntae lógoe?”			126 And do we promise good words to you?”
	Καλά	Calá	καλός	good
	σοι	soe	σύ	to you
	δ'	d'	δέ	and
	οὑμοὶ	hūmoè	ἡμεῖς	we
	προσυπισχνοῦνται	prosypischnûntae	προσυπισχνέομαι	promise to you
	λόγοι	lógoe	λόγος	words
127 Ὥσπερ τἄνθος ἐκ πάγους νυκτίου κύπτει,	127 Hǒsper tá'nthos ec págūs nyctíū cýptei,			127 Just as a flower from a frosty place at night bends,
	Ὥσπερ	Hǒsper	ὥσπερ	just as
	τἄνθος	tá'nthos	ἄνθος	flower
	ἐκ	ec	ἐκ	from
	πάγους	págūs	πάγος	frosty place
	νυκτίου	nyctíū	νυκτίον	night
	κύπτει	cýptei	κύπτω	bends
128 Καὶ μένει κλειστόν· ἡλίου δ' ἀνιόντος,	128 Caè ménei cleistón; hēlíū d' anióntos,			128 And remains closed; but with the rising of the sun,
	Καὶ	Caè	καί	and
	μένει	ménei	μένω	remains
	κλειστόν	cleistón	κλειστός	closed
	ἡλίου	hēlíū	ἥλιος	sun
	δ'	d'	δέ	but
	ἀνιόντος	anióntos	ἀνίημι	rising
129 Ἐπὶ τοῦ καυλοῦ διανοιχθὲν ὀρθοῦται·	129 Epì tû caulû dianoechthèn orthûtae;			129 Upon the stem, it opens and stands upright.
	Ἐπὶ	Epì	ἐπί	upon
	τοῦ	tû	ὁ	the
	καυλοῦ	caulû	καυλός	stem
	διανοιχθὲν	dianoechthèn	διανοίγω	opened
	ὀρθοῦται	orthûtae	ὀρθόω	stands upright
130 Οὕτως ἐμαυτὸν ἀναψυχθέντ' ᾐσθάνθην·	130 Hǔtōs emautòn anapsychthént' ẹ̄sthánthēn;			130 In this way, having refreshed myself, I felt,
	Οὕτως	Hǔtōs	οὕτως	in this way
	ἐμαυτὸν	emautòn	ἐμαυτός	myself
	ἀναψυχθέντ'	anapsychthént'	ἀναψύχω	refreshed
	ᾐσθάνθην	ẹ̄sthánthēn	αἰσθάνομαι	I felt
131 Καὶ τοσοῦτον ἐν ἐμοὶ θάρσος ἐπῆλθεν,	131 Caè tosûton en emoè thársos epêlthen,			131 And so much confidence came to me within,
	Καὶ	Caè	καί	and
	τοσοῦτον	tosûton	τοσοῦτος	so much
	ἐν	en	ἐν	in
	ἐμοὶ	emoè	ἐγώ	me
	θάρσος	thársos	θάρσος	confidence
	ἐπῆλθεν	epêlthen	ἔπειμι	came to
132 Ὥστ' ἀπεκρίθην ὡς ἄνθρωπος γενναῖος.	132 Hǒst' apecríthēn hōs ánthrōpos gennáèos.			132 So that I responded like a brave man.
	Ὥστ'	Hǒst'	ὥστε	so that
	ἀπεκρίθην	apecríthēn	ἀποκρίνομαι	I responded
	ὡς	hōs	ὡς	like
	ἄνθρωπος	ánthrōpos	ἄνθρωπος	a man
	γενναῖος	gennáèos	γενναῖος	brave
133 “Ὦ ψυχὴ φιλέλεος, προστάτριά μου,	133 “Ô psychḕ philéleos, prostátriá mū,			133 “O friendly soul, my protector,
	Ὦ	Ô	ὦ	O
	ψυχὴ	psychḕ	ψυχή	soul
	φιλέλεος	philéleos	φιλέλεος	friendly
	προστάτριά	prostátriá	προστάτης	protector
	μου	mū	ἐγώ	my
134 „ Καὶ σὺ φιλόφρων ὁ τάχος ὑπακούσας	134 „ Caè sỳ philóphrōn ho táchos hypacǔsas			134 And you, kind-hearted, quickly obeying
	Καὶ	Caè	καί	and
	σὺ	sỳ	σύ	you
	φιλόφρων	philóphrōn	φιλόφρων	kind-hearted
	ὁ	ho	ὁ	the
	τάχος	táchos	τάχος	speed
	ὑπακούσας	hypacǔsas	ὑπακούω	obeying
135 „ Οἷς αὐτὴ λόγοις πιστοῖς παρώτρυνέ σε!	135 „ Hóès autḕ lógoes pistóès parǒtryné se!			135 To which her faithful words encouraged you!
	Οἷς	Hóès	ὅς	to which
	αὐτὴ	autḕ	αὐτός	her
	λόγοις	lógoes	λόγος	words
	πιστοῖς	pistóès	πιστός	faithful
	παρώτρυνέ	parǒtryné	παροτρύνω	encouraged
	σε	se!	σύ	you
136 „ Οὕτω ταῖς σαῖς προτροπαῖς ἐν τῇ καρδίᾳ	136 „ Hǔtō táès sáès protropáès en tệ cardíạ̄			136 So in your exhortations within the heart,
	Οὕτω	Hǔtō	οὕτω	so
	ταῖς	táès	ὁ	the
	σαῖς	sáès	σύ	your
	προτροπαῖς	protropáès	πρότροπος	exhortations
	ἐν	en	ἐν	in
	τῇ	tệ	ὁ	the
	καρδίᾳ	cardíạ̄	καρδία	heart
137 „ Ενέσταξάς μοι πόθον τοῦ προχωρῆσαι,	137 „ Enéstaxás moe póthon tû prochōrêsae,			137 You inserted a desire in me to proceed,
	Ενέσταξάς	Enéstaxás	ἐνέσταξα	you inserted
	μοι	moe	ἐγώ	to me
	πόθον	póthon	πόθος	desire
	τοῦ	tû	ὁ	the
	προχωρῆσαι	prochōrêsae	προχωρέω	to proceed
138 „ Ὥστ' εἰς τὴν πρώτην πρόθεσιν ἐπανῆλθον.	138 „ Hǒst' eis tḕn prǒtēn próthesin epanêlthon.			138 So that I returned back to the first purpose.
	Ὥστ'	Hǒst'	ὥστε	so that
	εἰς	eis	εἰς	to
	τὴν	tḕn	ὁ	the
	πρώτην	prǒtēn	πρῶτος	first
	πρόθεσιν	próthesin	πρόθεσις	purpose
	ἐπανῆλθον	epanêlthon	ἐπανέρχομαι	I returned back
139 „ Ἄγε δή, μία θέλησις ἡμῖν ἔστω·	139 „ Áge dě, mía thélēsis hēmîn éstō;			139 Come then, let there be one will for us;
	Ἄγε	Áge	ἄγω	come
	δή	dě	δή	then
	μία	mía	εἷς	one
	θέλησις	thélēsis	θέλησις	will
	ἡμῖν	hēmîn	ἐγώ	us
	ἔστω	éstō	εἰμί	be
140 „ Σύ μοι ποδηγός, σὺ κύριος, σύ τ' ἄρχων.”	140 „ Sý moe podēgós, sỳ cýrios, sý t' árchōn.”			140 You guide me, you are the master, and you are the ruler.”
	Σύ	Sý	σύ	you
	μοι	moe	ἐγώ	to me
	ποδηγός	podēgós	ποδηγός	guide
	σὺ	sỳ	σύ	you
	κύριος	cýrios	κύριος	master
	σύ	sỳ	σύ	you
	τ'	t'	τε	and
	ἄρχων	árchōn	ἄρχων	ruler
141 Αὐτῷ ταῦτ' εἶπον· ὁ δ' ἔπειτα προέβη,	141 Autộ táùt' éìpon; ho d' épeita proébē,			141 I said these to him, and then he proceeded.
	Αὐτῷ	Autộ	αὐτός	himself
	ταῦτ'	táùt'	οὗτος	these
	εἶπον	éìpon	λέγω	I said
	ὁ	ho	ὁ	the
	δ'	d'	δέ	and
	ἔπειτα	épeita	ἔπειτα	then
	προέβη	proébē	προέρχομαι	he proceeded
142 Ἐγὼ δ' εἰς τὴν ἀγρίαν ὁδὸν εἰσῆλθον.	142 Egṑ d' eis tḕn agrían hodòn eisêlthon.			142 But I entered into the wild road.
	Ἐγὼ	Egṑ	ἐγώ	I
	δ'	d'	δέ	but
	εἰς	eis	εἰς	into
	τὴν	tḕn	ὁ	the
	ἀγρίαν	agrían	ἀγρίας	wild
	ὁδὸν	hodón	ὁδός	road
	εἰσῆλθον	eisêlthon	εἰσέρχομαι	I entered
